term,estimate,std_error,statistic,p_value,name,n,estimate_for_ranking,Rank
x1,23.56606870682033,79462.00863738617,0.0002965702618261364,0.9997633711703644,劉昌赫,2,-156516.59094694394,1
x4,0.0,109823.50431586511,,,鄭壽鉉,2,-216352.30350225428,2
x2,47.13213741364064,112376.25545999611,0.0004194136672441343,0.9996653563201273,常昊,2,-221334.0911187787,3
x3,70.69820612046095,137632.248850213,0.0005136747144007124,0.999590146894129,林宣根,2,-271064.83202879917,4
