term,estimate,std_error,statistic,p_value,name,n,estimate_for_ranking,Rank
x2,20.790437369596518,19835.305146642942,0.0010481531398631005,0.9991636949454771,劉昌赫,2,-39054.76070151699,1
x3,41.580874739196354,28051.357294950118,0.0014823123994318042,0.9988172862553264,常昊,3,-55219.59299631254,2
x5,62.37131210879232,34355.755667438105,0.0018154545256562921,0.9985514776588307,林宣根,2,-67618.46735274428,3
x7,0.0,38998.59264044805,,,鄭壽鉉,2,-76827.22750168266,4
x6,-0.2652069515275016,43330.96462220949,-6.120494981816504e-6,0.9999951165515496,王磊,3,-85362.26551270422,5
x4,61.59568094853723,53119.97734926276,0.0011595577412156428,0.9990748069882563,曺薫鉉,3,-104584.7596970991,6
x1,41.31566778067444,55298.19576218488,0.0007471431429400767,0.9994038660770009,依田紀基,3,-108896.12998372354,7
