term,estimate,std_error,statistic,p_value,name,n,estimate_for_ranking,Rank
x2,20.566068632341413,17730.37013732721,0.0011599345345331678,0.9990745063508879,劉昌赫,2,-34908.26310190226,1
x3,41.132137264682804,25074.530053570394,0.001640395141077667,0.9986911546303127,常昊,3,-49355.69206826899,2
x5,61.698205818940494,30709.901962425465,0.0020090655416103312,0.9983969987010857,林宣根,2,-60436.80866015923,3
x7,0.0,33219.34191627592,,,鄭壽鉉,2,-65442.10357506356,4
x6,3.9595559028675284e-7,35460.739810712184,1.1166027341796752e-11,0.9999999999910908,王磊,3,-69857.65742670704,5
x4,61.69820601415083,43430.35975196793,0.0014206238761666056,0.998866506523763,曺薫鉉,2,-85496.11050536268,6
x1,41.13213758903157,46910.14978165234,0.0008768281018177289,0.9993003924847278,依田紀基,2,-92371.86293226609,7
